{
  "employees": [
    {
      "id": 1,
      "first_name": "Sebastian",
      "last_name": "Eschweiler",
      "email": "sebastian@codingthesmartway.com"
    },
    {
      "id": 2,
      "first_name": "Steve",
      "last_name": "Palmer",
      "email": "steve@codingthesmartway.com"
    },
    {
      "id": 3,
      "first_name": "Ann",
      "last_name": "Smith",
      "email": "ann@codingthesmartway.com"
    },
    {
      "id": 5,
      "first_name": "Rama",
      "last_name": "Raj",
      "email": "ramaraj@email.com"
    },
    {
      "id": 10,
      "first_name": "Pramukh",
      "last_name": "Gowda",
      "email": "pramukhgowda@gmail.com"
    }
  ]
}